Timestamp,IPD,UTC_Time
3388.303955078125,56.245872497558594,2024-11-04T17:45:49.091719
3388.31201171875,56.256587982177734,2024-11-04T17:45:49.107715
3388.320068359375,56.2353515625,2024-11-04T17:45:49.109720
3388.328125,56.23370361328125,2024-11-04T17:45:49.115716
3388.3359375,56.24407768249512,2024-11-04T17:45:49.123723
3388.343994140625,56.241302490234375,2024-11-04T17:45:49.139724
3388.35205078125,56.2323055267334,2024-11-04T17:45:49.140718
3388.360107421875,56.241193771362305,2024-11-04T17:45:49.147719
3388.367919921875,56.254220962524414,2024-11-04T17:45:49.160719
3388.3759765625,56.260555267333984,2024-11-04T17:45:49.164719
3388.384033203125,56.25468063354492,2024-11-04T17:45:49.180726
3388.39208984375,56.25819969177246,2024-11-04T17:45:49.181727
3388.400146484375,56.23982238769531,2024-11-04T17:45:49.188087
3388.407958984375,56.25674247741699,2024-11-04T17:45:49.209084
3388.416015625,56.270700454711914,2024-11-04T17:45:49.211089
3388.424072265625,56.280094146728516,2024-11-04T17:45:49.212088
3388.43212890625,56.258514404296875,2024-11-04T17:45:49.221090
3388.43994140625,56.2702751159668,2024-11-04T17:45:49.237091
3388.447998046875,56.28921890258789,2024-11-04T17:45:49.239095
3388.4560546875,56.29357147216797,2024-11-04T17:45:49.251087
3388.464111328125,56.300222396850586,2024-11-04T17:45:49.254088
3388.47216796875,56.30862045288086,2024-11-04T17:45:49.263088
3388.47998046875,56.29931640625,2024-11-04T17:45:49.267098
3388.488037109375,56.30327033996582,2024-11-04T17:45:49.280096
3388.49609375,56.295541763305664,2024-11-04T17:45:49.284621
3388.504150390625,56.30062294006348,2024-11-04T17:45:49.306615
3388.511962890625,56.3024959564209,2024-11-04T17:45:49.307619
3388.520263671875,56.29849433898926,2024-11-04T17:45:49.313616
3388.528076171875,56.293190002441406,2024-11-04T17:45:49.324618
3388.5361328125,56.285858154296875,2024-11-04T17:45:49.326615
3388.5439453125,56.2812614440918,2024-11-04T17:45:49.332614
3388.552001953125,56.28018379211426,2024-11-04T17:45:49.339633
3388.56005859375,56.27676773071289,2024-11-04T17:45:49.356619
3388.568115234375,56.28044319152832,2024-11-04T17:45:49.357616
3388.575927734375,56.275800704956055,2024-11-04T17:45:49.363618
3388.583984375,56.26482009887695,2024-11-04T17:45:49.387141
3388.592041015625,56.258853912353516,2024-11-04T17:45:49.390139
3388.60009765625,56.26840591430664,2024-11-04T17:45:49.391141
3388.60791015625,56.27873992919922,2024-11-04T17:45:49.395143
3388.615966796875,56.27564239501953,2024-11-04T17:45:49.407139
3388.6240234375,56.28101348876953,2024-11-04T17:45:49.411139
3388.632080078125,56.26840591430664,2024-11-04T17:45:49.430141
3388.64013671875,56.262142181396484,2024-11-04T17:45:49.432142
3388.64794921875,56.26028633117676,2024-11-04T17:45:49.442146
3388.656005859375,56.2571964263916,2024-11-04T17:45:49.449143
3388.6640625,56.24895477294922,2024-11-04T17:45:49.457140
3388.672119140625,56.251121520996094,2024-11-04T17:45:49.460139
3388.679931640625,56.23991775512695,2024-11-04T17:45:49.474145
3388.68798828125,56.23756980895996,2024-11-04T17:45:49.475148
3388.696044921875,56.24147415161133,2024-11-04T17:45:49.492660
3388.7041015625,56.24164962768555,2024-11-04T17:45:49.495669
3388.7119140625,56.250770568847656,2024-11-04T17:45:49.499666
3388.719970703125,56.23861122131348,2024-11-04T17:45:49.518664
3388.72802734375,56.23176956176758,2024-11-04T17:45:49.519664
3388.736083984375,56.23683547973633,2024-11-04T17:45:49.524661
3388.744140625,56.244001388549805,2024-11-04T17:45:49.532663
3388.751953125,56.25498580932617,2024-11-04T17:45:49.542668
3388.760009765625,56.26127815246582,2024-11-04T17:45:49.547664
3388.76806640625,56.261497497558594,2024-11-04T17:45:49.565665
3388.776123046875,56.24590301513672,2024-11-04T17:45:49.566664
3388.783935546875,56.25206756591797,2024-11-04T17:45:49.581678
3388.7919921875,56.25404167175293,2024-11-04T17:45:49.588948
3388.800048828125,56.267953872680664,2024-11-04T17:45:49.590946
3388.80810546875,56.258310317993164,2024-11-04T17:45:49.595943
3388.816162109375,56.25822830200195,2024-11-04T17:45:49.609952
3388.823974609375,56.25817108154297,2024-11-04T17:45:49.610948
3388.83203125,56.25162696838379,2024-11-04T17:45:49.634940
3388.840087890625,56.246835708618164,2024-11-04T17:45:49.635944
3388.84814453125,56.252824783325195,2024-11-04T17:45:49.636942
3388.85595703125,56.25943946838379,2024-11-04T17:45:49.648943
3388.864013671875,56.25153160095215,2024-11-04T17:45:49.654945
3388.8720703125,56.276018142700195,2024-11-04T17:45:49.661942
3388.880126953125,56.26833152770996,2024-11-04T17:45:49.666949
3388.88818359375,56.27401351928711,2024-11-04T17:45:49.679955
3388.89599609375,56.2811222076416,2024-11-04T17:45:49.683461
3388.904052734375,56.26745796203613,2024-11-04T17:45:49.693463
3388.912109375,56.258108139038086,2024-11-04T17:45:49.708461
3388.919921875,56.252113342285156,2024-11-04T17:45:49.709465
3388.927978515625,56.26284980773926,2024-11-04T17:45:49.723466
3388.93603515625,56.259233474731445,2024-11-04T17:45:49.735464
3388.944091796875,56.257646560668945,2024-11-04T17:45:49.736461
3388.9521484375,56.24577713012695,2024-11-04T17:45:49.739463
3388.9599609375,56.24784278869629,2024-11-04T17:45:49.751463
3388.968017578125,56.26484680175781,2024-11-04T17:45:49.755459
3388.97607421875,56.27796936035156,2024-11-04T17:45:49.772471
3388.984130859375,56.27416229248047,2024-11-04T17:45:49.774478
3388.991943359375,56.268516540527344,2024-11-04T17:45:49.790987
3389.0,56.27688407897949,2024-11-04T17:45:49.793987
3389.008056640625,56.26840019226074,2024-11-04T17:45:49.794987
3389.01611328125,56.28350639343262,2024-11-04T17:45:49.879988
3389.02392578125,56.275224685668945,2024-11-04T17:45:49.887505
3389.031982421875,56.273006439208984,2024-11-04T17:45:49.892504
3389.0400390625,56.28295135498047,2024-11-04T17:45:49.894510
3389.048095703125,56.27169227600098,2024-11-04T17:45:49.895509
3389.05615234375,56.2779655456543,2024-11-04T17:45:49.896505
3389.06396484375,56.28595733642578,2024-11-04T17:45:49.896505
3389.072021484375,56.288780212402344,2024-11-04T17:45:49.908507
3389.080078125,56.28360939025879,2024-11-04T17:45:49.911510
3389.088134765625,56.293813705444336,2024-11-04T17:45:49.913506
3389.095947265625,56.29543876647949,2024-11-04T17:45:49.915508
3389.10400390625,56.30034065246582,2024-11-04T17:45:49.922507
3389.112060546875,56.30932426452637,2024-11-04T17:45:49.937510
3389.1201171875,56.3048095703125,2024-11-04T17:45:49.938514
3389.128173828125,56.2849063873291,2024-11-04T17:45:49.939512
3389.135986328125,56.290998458862305,2024-11-04T17:45:49.953508
3389.14404296875,56.301008224487305,2024-11-04T17:45:49.961507
3389.152099609375,56.308006286621094,2024-11-04T17:45:49.964507
3389.159912109375,56.32163619995117,2024-11-04T17:45:49.966507
3389.16796875,56.33736801147461,2024-11-04T17:45:49.968518
3389.176025390625,56.323795318603516,2024-11-04T17:45:49.968518
3389.18408203125,56.30853080749512,2024-11-04T17:45:49.982041
3389.192138671875,56.32313346862793,2024-11-04T17:45:49.983054
3389.199951171875,56.33416175842285,2024-11-04T17:45:49.988061
3389.2080078125,56.3328800201416,2024-11-04T17:45:50.007070
3389.216064453125,56.34614181518555,2024-11-04T17:45:50.009064
3389.22412109375,56.355730056762695,2024-11-04T17:45:50.015053
3389.23193359375,56.34452438354492,2024-11-04T17:45:50.032053
3389.239990234375,56.3608512878418,2024-11-04T17:45:50.037056
3389.248046875,56.3458137512207,2024-11-04T17:45:50.039062
3389.256103515625,56.342559814453125,2024-11-04T17:45:50.052052
3389.26416015625,56.33500289916992,2024-11-04T17:45:50.053053
3389.27197265625,56.334815979003906,2024-11-04T17:45:50.061057
3389.280029296875,56.31991195678711,2024-11-04T17:45:50.079064
3389.2880859375,56.31997299194336,2024-11-04T17:45:50.081064
3389.296142578125,56.327205657958984,2024-11-04T17:45:50.083588
3389.303955078125,56.322872161865234,2024-11-04T17:45:50.100594
3389.31201171875,56.323917388916016,2024-11-04T17:45:50.101594
3389.320068359375,56.31811332702637,2024-11-04T17:45:50.127582
3389.328125,56.29968452453613,2024-11-04T17:45:50.134588
3389.3359375,56.317697525024414,2024-11-04T17:45:50.140585
3389.343994140625,56.31777000427246,2024-11-04T17:45:50.142582
3389.35205078125,56.316184997558594,2024-11-04T17:45:50.144581
3389.360107421875,56.31422424316406,2024-11-04T17:45:50.147587
3389.367919921875,56.31447982788086,2024-11-04T17:45:50.161590
3389.3759765625,56.31167793273926,2024-11-04T17:45:50.163582
3389.384033203125,56.32281494140625,2024-11-04T17:45:50.180595
3389.39208984375,56.31978416442871,2024-11-04T17:45:50.183123
3389.39990234375,56.31651496887207,2024-11-04T17:45:50.189110
3389.407958984375,56.317094802856445,2024-11-04T17:45:50.211114
3389.416015625,56.3133659362793,2024-11-04T17:45:50.220117
3389.424072265625,56.307762145996094,2024-11-04T17:45:50.222116
3389.43212890625,56.316307067871094,2024-11-04T17:45:50.223113
3389.43994140625,56.32396697998047,2024-11-04T17:45:50.237127
3389.447998046875,56.33284378051758,2024-11-04T17:45:50.238115
3389.4560546875,56.321895599365234,2024-11-04T17:45:50.243113
3389.464111328125,56.31926155090332,2024-11-04T17:45:50.261117
3389.47216796875,56.32911682128906,2024-11-04T17:45:50.277125
3389.47998046875,56.33761405944824,2024-11-04T17:45:50.284637
3389.488037109375,56.34018516540527,2024-11-04T17:45:50.288637
3389.49609375,56.33837127685547,2024-11-04T17:45:50.289645
3389.504150390625,56.33738708496094,2024-11-04T17:45:50.290640
3389.511962890625,56.32865333557129,2024-11-04T17:45:50.302639
3389.52001953125,56.33181953430176,2024-11-04T17:45:50.307637
3389.528076171875,56.326560974121094,2024-11-04T17:45:50.326640
3389.5361328125,56.33664894104004,2024-11-04T17:45:50.329639
3389.5439453125,56.321611404418945,2024-11-04T17:45:50.341644
3389.552001953125,56.30471420288086,2024-11-04T17:45:50.352636
3389.56005859375,56.30911636352539,2024-11-04T17:45:50.354639
3389.568115234375,56.31582450866699,2024-11-04T17:45:50.355641
3389.576171875,56.291831970214844,2024-11-04T17:45:50.370641
3389.583984375,56.28964042663574,2024-11-04T17:45:50.371649
3389.592041015625,56.30968475341797,2024-11-04T17:45:50.379643
3389.60009765625,56.3102970123291,2024-11-04T17:45:50.393164
3389.608154296875,56.31537437438965,2024-11-04T17:45:50.396157
3389.615966796875,56.30620193481445,2024-11-04T17:45:50.410161
3389.624267578125,56.297889709472656,2024-11-04T17:45:50.420162
3389.632080078125,56.29505920410156,2024-11-04T17:45:50.424159
3389.64013671875,56.29286193847656,2024-11-04T17:45:50.427160
3389.64794921875,56.2864875793457,2024-11-04T17:45:50.440159
3389.656005859375,56.28252983093262,2024-11-04T17:45:50.443157
3389.6640625,56.29233360290527,2024-11-04T17:45:50.462159
3389.672119140625,56.290687561035156,2024-11-04T17:45:50.463158
3389.679931640625,56.28761863708496,2024-11-04T17:45:50.476166
3389.68798828125,56.27593231201172,2024-11-04T17:45:50.484256
3389.696044921875,56.26528549194336,2024-11-04T17:45:50.487261
3389.7041015625,56.27154541015625,2024-11-04T17:45:50.492256
3389.7119140625,56.28521537780762,2024-11-04T17:45:50.507257
3389.719970703125,56.273292541503906,2024-11-04T17:45:50.507257
3389.72802734375,56.27938652038574,2024-11-04T17:45:50.516262
3389.736083984375,56.27507209777832,2024-11-04T17:45:50.533257
3389.744140625,56.2783203125,2024-11-04T17:45:50.538257
3389.751953125,56.26638412475586,2024-11-04T17:45:50.539260
3389.760009765625,56.254417419433594,2024-11-04T17:45:50.553258
3389.76806640625,56.24365997314453,2024-11-04T17:45:50.557256
3389.776123046875,56.25004005432129,2024-11-04T17:45:50.572271
3389.783935546875,56.25250053405762,2024-11-04T17:45:50.574291
3389.7919921875,56.256662368774414,2024-11-04T17:45:50.579265
3389.800048828125,56.2578010559082,2024-11-04T17:45:50.596779
3389.80810546875,56.251953125,2024-11-04T17:45:50.598776
3389.81591796875,56.242746353149414,2024-11-04T17:45:50.611777
3389.823974609375,56.2313232421875,2024-11-04T17:45:50.620777
3389.83203125,56.22773361206055,2024-11-04T17:45:50.624781
3389.840087890625,56.235713958740234,2024-11-04T17:45:50.627779
3389.84814453125,56.25594139099121,2024-11-04T17:45:50.640776
3389.85595703125,56.249263763427734,2024-11-04T17:45:50.643778
3389.864013671875,56.24613380432129,2024-11-04T17:45:50.660777
3389.8720703125,56.236690521240234,2024-11-04T17:45:50.662778
3389.880126953125,56.24412727355957,2024-11-04T17:45:50.679786
3389.88818359375,56.25400924682617,2024-11-04T17:45:50.687302
3389.89599609375,56.24972152709961,2024-11-04T17:45:50.690301
3389.904052734375,56.23773765563965,2024-11-04T17:45:50.692306
3389.912109375,56.22389221191406,2024-11-04T17:45:50.704307
3389.920166015625,56.233848571777344,2024-11-04T17:45:50.707302
3389.927978515625,56.23469543457031,2024-11-04T17:45:50.730303
3389.93603515625,56.23462677001953,2024-11-04T17:45:50.732306
3389.944091796875,56.23331260681152,2024-11-04T17:45:50.738303
3389.9521484375,56.22071647644043,2024-11-04T17:45:50.747298
3389.9599609375,56.23466873168945,2024-11-04T17:45:50.758305
3389.968017578125,56.22894096374512,2024-11-04T17:45:50.763302
3389.97607421875,56.22512626647949,2024-11-04T17:45:50.764301
3389.984130859375,56.22286796569824,2024-11-04T17:45:50.777309
3389.991943359375,56.20858383178711,2024-11-04T17:45:50.779306
3390.0,56.195892333984375,2024-11-04T17:45:50.797540
3390.008056640625,56.196319580078125,2024-11-04T17:45:50.798543
3390.01611328125,56.204219818115234,2024-11-04T17:45:50.812538
3390.024169921875,56.188344955444336,2024-11-04T17:45:50.821537
3390.031982421875,56.203046798706055,2024-11-04T17:45:50.823539
3390.0400390625,56.16543197631836,2024-11-04T17:45:50.827540
3390.048095703125,56.18107795715332,2024-11-04T17:45:50.840540
3390.05615234375,56.18204307556152,2024-11-04T17:45:50.843536
3390.06396484375,56.166059494018555,2024-11-04T17:45:50.861548
3390.072021484375,56.16058540344238,2024-11-04T17:45:50.861548
3390.080078125,56.154788970947266,2024-11-04T17:45:50.879545
3390.088134765625,56.148813247680664,2024-11-04T17:45:50.886055
3390.095947265625,56.16068077087402,2024-11-04T17:45:50.891057
3390.10400390625,56.16279602050781,2024-11-04T17:45:50.892058
3390.112060546875,56.19149589538574,2024-11-04T17:45:50.908058
3390.1201171875,56.1920108795166,2024-11-04T17:45:50.909059
3390.1279296875,56.17930793762207,2024-11-04T17:45:50.928059
3390.135986328125,56.177467346191406,2024-11-04T17:45:50.930060
3390.14404296875,56.1908016204834,2024-11-04T17:45:50.933058
3390.152099609375,56.19955635070801,2024-11-04T17:45:50.945059
3390.16015625,56.19870567321777,2024-11-04T17:45:50.952056
3390.16796875,56.1866569519043,2024-11-04T17:45:50.958057
3390.176025390625,56.19027519226074,2024-11-04T17:45:50.972073
3390.18408203125,56.19493865966797,2024-11-04T17:45:50.973061
3390.192138671875,56.21720314025879,2024-11-04T17:45:50.979065
3390.199951171875,56.21451187133789,2024-11-04T17:45:50.994583
3390.2080078125,56.21667671203613,2024-11-04T17:45:50.995584
3390.216064453125,56.225364685058594,2024-11-04T17:45:51.012577
3390.22412109375,56.228193283081055,2024-11-04T17:45:51.018580
3390.23193359375,56.23970413208008,2024-11-04T17:45:51.023580
3390.239990234375,56.25419807434082,2024-11-04T17:45:51.027580
3390.248046875,56.24982833862305,2024-11-04T17:45:51.040583
3390.256103515625,56.25409507751465,2024-11-04T17:45:51.044576
3390.26416015625,56.26066970825195,2024-11-04T17:45:51.065586
3390.27197265625,56.26331329345703,2024-11-04T17:45:51.066593
3390.280029296875,56.25127601623535,2024-11-04T17:45:51.089101
3390.2880859375,56.26743125915527,2024-11-04T17:45:51.094102
3390.296142578125,56.27330207824707,2024-11-04T17:45:51.095105
3390.303955078125,56.2697696685791,2024-11-04T17:45:51.095105
3390.31201171875,56.2626838684082,2024-11-04T17:45:51.107101
3390.320068359375,56.25903511047363,2024-11-04T17:45:51.108102
3390.328125,56.27536392211914,2024-11-04T17:45:51.115102
3390.336181640625,56.26151466369629,2024-11-04T17:45:51.132103
3390.343994140625,56.258602142333984,2024-11-04T17:45:51.138102
3390.35205078125,56.24626350402832,2024-11-04T17:45:51.156106
3390.360107421875,56.22704887390137,2024-11-04T17:45:51.166101
3390.3681640625,56.25785446166992,2024-11-04T17:45:51.172115
3390.3759765625,56.24871826171875,2024-11-04T17:45:51.173111
3390.384033203125,56.23687744140625,2024-11-04T17:45:51.175115
3390.39208984375,56.21856880187988,2024-11-04T17:45:51.179120
3390.400146484375,56.21212959289551,2024-11-04T17:45:51.201649
3390.407958984375,56.21291542053223,2024-11-04T17:45:51.206644
3390.416015625,56.22812843322754,2024-11-04T17:45:51.211643
3390.424072265625,56.23318862915039,2024-11-04T17:45:51.212646
3390.43212890625,56.21451950073242,2024-11-04T17:45:51.231642
3390.440185546875,56.2220573425293,2024-11-04T17:45:51.236662
3390.447998046875,56.18763732910156,2024-11-04T17:45:51.254641
3390.4560546875,56.19478988647461,2024-11-04T17:45:51.268649
3390.464111328125,56.202436447143555,2024-11-04T17:45:51.274649
3390.471923828125,56.20838737487793,2024-11-04T17:45:51.281652
3390.47998046875,56.21756553649902,2024-11-04T17:45:51.283169
3390.488037109375,56.227834701538086,2024-11-04T17:45:51.285180
3390.49609375,56.2139778137207,2024-11-04T17:45:51.297184
3390.504150390625,56.211313247680664,2024-11-04T17:45:51.300189
3390.511962890625,56.214942932128906,2024-11-04T17:45:51.306185
3390.52001953125,56.22045135498047,2024-11-04T17:45:51.309182
3390.528076171875,56.215919494628906,2024-11-04T17:45:51.315182
3390.5361328125,56.2102165222168,2024-11-04T17:45:51.344192
3390.5439453125,56.186553955078125,2024-11-04T17:45:51.345184
3390.552001953125,56.19101524353027,2024-11-04T17:45:51.346185
3390.56005859375,56.20017433166504,2024-11-04T17:45:51.347186
3390.568115234375,56.194190979003906,2024-11-04T17:45:51.370196
3390.576171875,56.19229698181152,2024-11-04T17:45:51.375192
3390.583984375,56.19326972961426,2024-11-04T17:45:51.391714
3390.592041015625,56.191959381103516,2024-11-04T17:45:51.406711
3390.60009765625,56.187631607055664,2024-11-04T17:45:51.408713
3390.608154296875,56.186994552612305,2024-11-04T17:45:51.409715
3390.615966796875,56.18501853942871,2024-11-04T17:45:51.410716
3390.6240234375,56.19259452819824,2024-11-04T17:45:51.423713
3390.632080078125,56.18996047973633,2024-11-04T17:45:51.426718
3390.64013671875,56.19225311279297,2024-11-04T17:45:51.430714
3390.64794921875,56.184274673461914,2024-11-04T17:45:51.436720
3390.656005859375,56.18181037902832,2024-11-04T17:45:51.443714
3390.6640625,56.179513931274414,2024-11-04T17:45:51.465712
3390.672119140625,56.18560981750488,2024-11-04T17:45:51.466718
3390.679931640625,56.15628242492676,2024-11-04T17:45:51.467728
3390.688232421875,56.07554817199707,2024-11-04T17:45:51.483808
3390.696044921875,55.9814567565918,2024-11-04T17:45:51.501800
3390.7041015625,55.995731353759766,2024-11-04T17:45:51.511805
3390.712158203125,55.99674415588379,2024-11-04T17:45:51.515801
3390.719970703125,55.961952209472656,2024-11-04T17:45:51.518801
3390.72802734375,55.930850982666016,2024-11-04T17:45:51.520803
3390.736083984375,55.95761680603027,2024-11-04T17:45:51.535800
3390.744140625,55.94571113586426,2024-11-04T17:45:51.536803
3390.751953125,55.966941833496094,2024-11-04T17:45:51.539808
3390.760009765625,55.985734939575195,2024-11-04T17:45:51.559802
3390.76806640625,55.991132736206055,2024-11-04T17:45:51.568810
3390.776123046875,56.00649833679199,2024-11-04T17:45:51.572809
3390.7841796875,56.02111053466797,2024-11-04T17:45:51.574814
3390.7919921875,56.03509330749512,2024-11-04T17:45:51.588329
3390.800048828125,56.02597236633301,2024-11-04T17:45:51.591333
3390.80810546875,56.0334529876709,2024-11-04T17:45:51.596334
3390.816162109375,56.04962921142578,2024-11-04T17:45:51.604358
3390.823974609375,56.05385780334473,2024-11-04T17:45:51.620333
3390.83203125,56.06011772155762,2024-11-04T17:45:51.621330
3390.840087890625,56.06791114807129,2024-11-04T17:45:51.638329
3390.84814453125,56.077640533447266,2024-11-04T17:45:51.661331
3390.85595703125,56.08339309692383,2024-11-04T17:45:51.675340
3390.864013671875,56.07601737976074,2024-11-04T17:45:51.677344
3390.8720703125,56.08514404296875,2024-11-04T17:45:51.681341
3390.880126953125,56.09338188171387,2024-11-04T17:45:51.682854
3390.88818359375,56.093894958496094,2024-11-04T17:45:51.683874
3390.89599609375,56.093719482421875,2024-11-04T17:45:51.684865
3390.904052734375,56.094289779663086,2024-11-04T17:45:51.697882
3390.912109375,56.10409355163574,2024-11-04T17:45:51.699865
3390.919921875,56.110267639160156,2024-11-04T17:45:51.707875
3390.927978515625,56.1110954284668,2024-11-04T17:45:51.727867
3390.93603515625,56.11496353149414,2024-11-04T17:45:51.729873
3390.944091796875,56.1075325012207,2024-11-04T17:45:51.730872
3390.9521484375,56.10100746154785,2024-11-04T17:45:51.749863
3390.9599609375,56.11499786376953,2024-11-04T17:45:51.749863
3390.968017578125,56.1246337890625,2024-11-04T17:45:51.764864
3390.97607421875,56.11518859863281,2024-11-04T17:45:51.775873
3390.984130859375,56.12764549255371,2024-11-04T17:45:51.778872
3390.991943359375,56.13263511657715,2024-11-04T17:45:51.780877
3391.0,56.129661560058594,2024-11-04T17:45:51.796401
3391.008056640625,56.136648178100586,2024-11-04T17:45:51.797394
3391.01611328125,56.15523719787598,2024-11-04T17:45:51.806394
3391.02392578125,56.17085266113281,2024-11-04T17:45:51.812399
3391.031982421875,56.1846866607666,2024-11-04T17:45:51.828393
3391.0400390625,56.186811447143555,2024-11-04T17:45:51.829396
3391.048095703125,56.18963432312012,2024-11-04T17:45:51.846393
3391.05615234375,56.19304847717285,2024-11-04T17:45:51.849397
3391.064208984375,56.186607360839844,2024-11-04T17:45:51.857418
3391.072021484375,56.19426155090332,2024-11-04T17:45:51.871406
3391.080078125,56.190345764160156,2024-11-04T17:45:51.881405
3391.088134765625,56.14698600769043,2024-11-04T17:45:51.887935
3391.095947265625,55.987998962402344,2024-11-04T17:45:51.888934
3391.10400390625,55.93684005737305,2024-11-04T17:45:51.901932
3391.112060546875,56.00337791442871,2024-11-04T17:45:51.902937
3391.1201171875,56.01293754577637,2024-11-04T17:45:51.907932
3391.1279296875,56.01291465759277,2024-11-04T17:45:51.925930
3391.135986328125,56.044349670410156,2024-11-04T17:45:51.927932
3391.14404296875,56.06644821166992,2024-11-04T17:45:51.943933
3391.152099609375,56.101430892944336,2024-11-04T17:45:51.950929
3391.159912109375,56.12019729614258,2024-11-04T17:45:51.961930
3391.16796875,56.13652229309082,2024-11-04T17:45:51.964937
3391.176025390625,56.135786056518555,2024-11-04T17:45:51.965932
3391.18408203125,56.177391052246094,2024-11-04T17:45:51.979944
3391.192138671875,56.18767547607422,2024-11-04T17:45:51.980947
3391.199951171875,56.18339920043945,2024-11-04T17:45:51.988464
3391.2080078125,56.19355392456055,2024-11-04T17:45:52.007461
3391.216064453125,56.2071533203125,2024-11-04T17:45:52.009461
3391.22412109375,56.226158142089844,2024-11-04T17:45:52.012461
3391.23193359375,56.22191619873047,2024-11-04T17:45:52.036460
3391.239990234375,56.23255920410156,2024-11-04T17:45:52.043465
3391.248046875,56.22854995727539,2024-11-04T17:45:52.051460
3391.256103515625,56.25039482116699,2024-11-04T17:45:52.054461
3391.26416015625,56.25710678100586,2024-11-04T17:45:52.056477
3391.27197265625,56.252960205078125,2024-11-04T17:45:52.072467
3391.280029296875,56.24234580993652,2024-11-04T17:45:52.075472
3391.2880859375,56.24635887145996,2024-11-04T17:45:52.076480
3391.296142578125,56.23722267150879,2024-11-04T17:45:52.082979
3391.303955078125,56.230642318725586,2024-11-04T17:45:52.103987
3391.31201171875,56.2330322265625,2024-11-04T17:45:52.105990
3391.320068359375,56.22708511352539,2024-11-04T17:45:52.106988
3391.328125,56.236955642700195,2024-11-04T17:45:52.132989
3391.3359375,56.23231506347656,2024-11-04T17:45:52.133988
3391.343994140625,56.24240303039551,2024-11-04T17:45:52.151989
3391.35205078125,56.22625923156738,2024-11-04T17:45:52.162986
3391.360107421875,56.225467681884766,2024-11-04T17:45:52.171000
3391.367919921875,56.23630142211914,2024-11-04T17:45:52.174002
3391.3759765625,56.22359085083008,2024-11-04T17:45:52.186069
3391.384033203125,56.23720169067383,2024-11-04T17:45:52.191067
3391.39208984375,56.24152755737305,2024-11-04T17:45:52.194069
3391.400146484375,56.235286712646484,2024-11-04T17:45:52.197068
3391.407958984375,56.244123458862305,2024-11-04T17:45:52.205069
3391.416015625,56.2380256652832,2024-11-04T17:45:52.206074
3391.424072265625,56.22924613952637,2024-11-04T17:45:52.225065
3391.43212890625,56.2330207824707,2024-11-04T17:45:52.228066
3391.440185546875,56.24344825744629,2024-11-04T17:45:52.231066
3391.447998046875,56.2309455871582,2024-11-04T17:45:52.248063
3391.4560546875,56.252376556396484,2024-11-04T17:45:52.251067
3391.464111328125,56.235565185546875,2024-11-04T17:45:52.254067
3391.471923828125,56.240461349487305,2024-11-04T17:45:52.273078
3391.47998046875,56.28253746032715,2024-11-04T17:45:52.282076
3391.48828125,56.275814056396484,2024-11-04T17:45:52.289128
3391.49609375,56.27274131774902,2024-11-04T17:45:52.291128
3391.50390625,56.27585792541504,2024-11-04T17:45:52.293132
3391.511962890625,56.275901794433594,2024-11-04T17:45:52.307132
3391.52001953125,56.281686782836914,2024-11-04T17:45:52.308129
3391.528076171875,56.26534461975098,2024-11-04T17:45:52.315126
3391.5361328125,56.27346420288086,2024-11-04T17:45:52.331131
3391.5439453125,56.27299499511719,2024-11-04T17:45:52.335138
3391.552001953125,56.25419235229492,2024-11-04T17:45:52.354130
3391.56005859375,56.25868606567383,2024-11-04T17:45:52.366126
3391.568115234375,56.25409698486328,2024-11-04T17:45:52.370139
3391.576171875,56.27177429199219,2024-11-04T17:45:52.372138
3391.583984375,56.26143455505371,2024-11-04T17:45:52.374141
3391.592041015625,56.273569107055664,2024-11-04T17:45:52.390656
3391.60009765625,56.25799560546875,2024-11-04T17:45:52.392654
3391.608154296875,56.25956153869629,2024-11-04T17:45:52.395652
3391.615966796875,56.24679946899414,2024-11-04T17:45:52.404679
3391.6240234375,56.27094841003418,2024-11-04T17:45:52.426653
3391.632080078125,56.26374626159668,2024-11-04T17:45:52.428660
3391.64013671875,56.24614906311035,2024-11-04T17:45:52.449652
3391.64794921875,56.24044990539551,2024-11-04T17:45:52.461651
3391.656005859375,56.23220443725586,2024-11-04T17:45:52.472660
3391.6640625,56.21610450744629,2024-11-04T17:45:52.476659
3391.672119140625,56.22795867919922,2024-11-04T17:45:52.478664
3391.679931640625,56.24011039733887,2024-11-04T17:45:52.480663
3391.68798828125,56.242401123046875,2024-11-04T17:45:52.496183
3391.696044921875,56.26191520690918,2024-11-04T17:45:52.498187
3391.7041015625,56.259132385253906,2024-11-04T17:45:52.502189
3391.7119140625,56.2832145690918,2024-11-04T17:45:52.509194
3391.719970703125,56.277381896972656,2024-11-04T17:45:52.513186
3391.72802734375,56.287607192993164,2024-11-04T17:45:52.517201
3391.736083984375,56.28917121887207,2024-11-04T17:45:52.523186
3391.744140625,56.28544044494629,2024-11-04T17:45:52.540186
3391.751953125,56.28948974609375,2024-11-04T17:45:52.541184
3391.760009765625,56.263309478759766,2024-11-04T17:45:52.558195
3391.76806640625,56.26103591918945,2024-11-04T17:45:52.561204
3391.776123046875,56.28400993347168,2024-11-04T17:45:52.563191
3391.783935546875,56.27256774902344,2024-11-04T17:45:52.582201
3391.7919921875,56.26483345031738,2024-11-04T17:45:52.583200
3391.800048828125,56.25088119506836,2024-11-04T17:45:52.596380
3391.80810546875,56.23277473449707,2024-11-04T17:45:52.604378
3391.81591796875,56.253313064575195,2024-11-04T17:45:52.611379
3391.823974609375,56.229312896728516,2024-11-04T17:45:52.616380
3391.83203125,56.2224178314209,2024-11-04T17:45:52.619380
3391.840087890625,56.23590850830078,2024-11-04T17:45:52.637378
3391.84814453125,56.2284049987793,2024-11-04T17:45:52.638380
3391.85595703125,56.23192596435547,2024-11-04T17:45:52.643378
3391.864013671875,56.236989974975586,2024-11-04T17:45:52.661379
3391.8720703125,56.25089073181152,2024-11-04T17:45:52.662383
3391.880126953125,56.25524711608887,2024-11-04T17:45:52.677386
3391.88818359375,56.304941177368164,2024-11-04T17:45:52.679392
3391.89599609375,56.29679870605469,2024-11-04T17:45:52.683388
3391.904052734375,56.290048599243164,2024-11-04T17:45:52.705908
3391.912109375,56.278438568115234,2024-11-04T17:45:52.711910
3391.920166015625,56.28768539428711,2024-11-04T17:45:52.713908
3391.927978515625,56.278432846069336,2024-11-04T17:45:52.714908
3391.93603515625,56.279951095581055,2024-11-04T17:45:52.727910
3391.944091796875,56.27040672302246,2024-11-04T17:45:52.731908
3391.9521484375,56.265899658203125,2024-11-04T17:45:52.750908
3391.9599609375,56.25713539123535,2024-11-04T17:45:52.767911
3391.968017578125,56.25819969177246,2024-11-04T17:45:52.773920
3391.97607421875,56.25996398925781,2024-11-04T17:45:52.775920
3391.984130859375,56.26230239868164,2024-11-04T17:45:52.778922
3391.991943359375,56.25079536437988,2024-11-04T17:45:52.779919
3392.0,56.25750923156738,2024-11-04T17:45:52.791432
3392.008056640625,56.24041938781738,2024-11-04T17:45:52.795433
3392.01611328125,56.2565803527832,2024-11-04T17:45:52.804456
3392.02392578125,56.25468063354492,2024-11-04T17:45:52.822434
3392.031982421875,56.26934051513672,2024-11-04T17:45:52.823436
3392.0400390625,56.27543067932129,2024-11-04T17:45:52.840436
3392.048095703125,56.28560829162598,2024-11-04T17:45:52.855435
3392.055908203125,56.268959045410156,2024-11-04T17:45:52.866438
3392.06396484375,56.27564239501953,2024-11-04T17:45:52.878448
3392.072021484375,56.27337455749512,2024-11-04T17:45:52.881451
3392.080078125,56.27276802062988,2024-11-04T17:45:52.882459
3392.088134765625,56.276817321777344,2024-11-04T17:45:52.895530
3392.095947265625,56.27302932739258,2024-11-04T17:45:52.897534
3392.10400390625,56.286211013793945,2024-11-04T17:45:52.898535
3392.112060546875,56.27767562866211,2024-11-04T17:45:52.900533
3392.1201171875,56.27980041503906,2024-11-04T17:45:52.908553
3392.1279296875,56.27723503112793,2024-11-04T17:45:52.922533
3392.135986328125,56.274282455444336,2024-11-04T17:45:52.923537
3392.14404296875,56.29934883117676,2024-11-04T17:45:52.944533
3392.152099609375,56.2978630065918,2024-11-04T17:45:52.945535
3392.16015625,56.29495048522949,2024-11-04T17:45:52.950531
3392.16796875,56.280099868774414,2024-11-04T17:45:52.962534
3392.176025390625,56.288150787353516,2024-11-04T17:45:52.977544
3392.18408203125,56.31758117675781,2024-11-04T17:45:52.981546
3392.192138671875,56.30944061279297,2024-11-04T17:45:52.983546
3392.199951171875,56.29665184020996,2024-11-04T17:45:52.996062
3392.2080078125,56.29502868652344,2024-11-04T17:45:52.999067
3392.216064453125,56.30174446105957,2024-11-04T17:45:53.005067
3392.22412109375,56.29792785644531,2024-11-04T17:45:53.022062
3392.23193359375,56.29996871948242,2024-11-04T17:45:53.024071
3392.240234375,56.306705474853516,2024-11-04T17:45:53.028072
3392.248046875,56.30502700805664,2024-11-04T17:45:53.043068
3392.256103515625,56.29611778259277,2024-11-04T17:45:53.045083
3392.263916015625,56.29571533203125,2024-11-04T17:45:53.067068
3392.27197265625,56.29201316833496,2024-11-04T17:45:53.074080
3392.280029296875,56.28470420837402,2024-11-04T17:45:53.078081
3392.2880859375,56.28666877746582,2024-11-04T17:45:53.080085
3392.296142578125,56.2938117980957,2024-11-04T17:45:53.093609
3392.303955078125,56.29129219055176,2024-11-04T17:45:53.094609
3392.31201171875,56.292184829711914,2024-11-04T17:45:53.099606
3392.320068359375,56.27664375305176,2024-11-04T17:45:53.116607
3392.328125,56.30200004577637,2024-11-04T17:45:53.117608
3392.3359375,56.29671859741211,2024-11-04T17:45:53.135713
3392.343994140625,56.293806076049805,2024-11-04T17:45:53.142608
3392.35205078125,56.29989433288574,2024-11-04T17:45:53.163605
3392.360107421875,56.30463981628418,2024-11-04T17:45:53.166607
3392.367919921875,56.289913177490234,2024-11-04T17:45:53.167603
3392.3759765625,56.29570198059082,2024-11-04T17:45:53.169618
3392.384033203125,56.287845611572266,2024-11-04T17:45:53.171616
3392.39208984375,56.28066825866699,2024-11-04T17:45:53.184121
3392.400146484375,56.28001594543457,2024-11-04T17:45:53.187133
3392.407958984375,56.268877029418945,2024-11-04T17:45:53.209132
3392.416015625,56.27505111694336,2024-11-04T17:45:53.211131
3392.424072265625,56.2818717956543,2024-11-04T17:45:53.211131
3392.43212890625,56.261863708496094,2024-11-04T17:45:53.232130
3392.43994140625,56.284088134765625,2024-11-04T17:45:53.239136
3392.447998046875,56.27795219421387,2024-11-04T17:45:53.240131
3392.4560546875,56.29518127441406,2024-11-04T17:45:53.252129
3392.464111328125,56.285531997680664,2024-11-04T17:45:53.253131
3392.47216796875,56.28696823120117,2024-11-04T17:45:53.260132
3392.47998046875,56.27937889099121,2024-11-04T17:45:53.275138
3392.488037109375,56.26338195800781,2024-11-04T17:45:53.276136
3392.49609375,56.266441345214844,2024-11-04T17:45:53.292657
3392.50390625,56.26022148132324,2024-11-04T17:45:53.297656
3392.511962890625,56.269771575927734,2024-11-04T17:45:53.311653
3392.52001953125,56.26236343383789,2024-11-04T17:45:53.312650
3392.528076171875,56.27124786376953,2024-11-04T17:45:53.318652
3392.5361328125,56.250030517578125,2024-11-04T17:45:53.323653
3392.5439453125,56.25632095336914,2024-11-04T17:45:53.337652
3392.552001953125,56.28297233581543,2024-11-04T17:45:53.339651
3392.56005859375,56.26969528198242,2024-11-04T17:45:53.362652
3392.568115234375,56.2745304107666,2024-11-04T17:45:53.363653
3392.575927734375,56.2597541809082,2024-11-04T17:45:53.364653
3392.583984375,56.269195556640625,2024-11-04T17:45:53.372662
3392.592041015625,56.267587661743164,2024-11-04T17:45:53.385182
3392.60009765625,56.26099395751953,2024-11-04T17:45:53.391180
3392.608154296875,56.249101638793945,2024-11-04T17:45:53.395183
3392.615966796875,56.247501373291016,2024-11-04T17:45:53.407184
3392.6240234375,56.25880432128906,2024-11-04T17:45:53.411182
3392.632080078125,56.259016036987305,2024-11-04T17:45:53.429185
3392.64013671875,56.23341751098633,2024-11-04T17:45:53.430181
3392.64794921875,56.23613929748535,2024-11-04T17:45:53.437194
3392.656005859375,56.24078178405762,2024-11-04T17:45:53.447183
3392.6640625,56.22720527648926,2024-11-04T17:45:53.454185
3392.672119140625,56.23319053649902,2024-11-04T17:45:53.459191
3392.68017578125,56.23063659667969,2024-11-04T17:45:53.473189
3392.68798828125,56.23231887817383,2024-11-04T17:45:53.476188
3392.696044921875,56.236167907714844,2024-11-04T17:45:53.494706
3392.7041015625,56.24491500854492,2024-11-04T17:45:53.496703
3392.712158203125,56.24880599975586,2024-11-04T17:45:53.503737
3392.719970703125,56.2427978515625,2024-11-04T17:45:53.507712
3392.72802734375,56.22274589538574,2024-11-04T17:45:53.521702
3392.736083984375,56.23350143432617,2024-11-04T17:45:53.524701
3392.744140625,56.23733901977539,2024-11-04T17:45:53.544704
3392.751953125,56.242366790771484,2024-11-04T17:45:53.545703
3392.760009765625,56.25277137756348,2024-11-04T17:45:53.546706
3392.76806640625,56.25379753112793,2024-11-04T17:45:53.566702
3392.776123046875,56.25170707702637,2024-11-04T17:45:53.567701
3392.783935546875,56.263601303100586,2024-11-04T17:45:53.586787
3392.7919921875,56.267507553100586,2024-11-04T17:45:53.592779
3392.800048828125,56.262922286987305,2024-11-04T17:45:53.595789
3392.80810546875,56.26682662963867,2024-11-04T17:45:53.596788
3392.81591796875,56.25273132324219,2024-11-04T17:45:53.610781
3392.823974609375,56.23194694519043,2024-11-04T17:45:53.611777
3392.83203125,56.23504066467285,2024-11-04T17:45:53.622780
3392.840087890625,56.23063278198242,2024-11-04T17:45:53.635780
3392.84814453125,56.25062561035156,2024-11-04T17:45:53.638780
3392.85595703125,56.250253677368164,2024-11-04T17:45:53.644777
3392.864013671875,56.246070861816406,2024-11-04T17:45:53.654784
3392.8720703125,56.25238800048828,2024-11-04T17:45:53.663779
3392.880126953125,56.25847053527832,2024-11-04T17:45:53.666778
3392.88818359375,56.278907775878906,2024-11-04T17:45:53.680791
3392.89599609375,56.278221130371094,2024-11-04T17:45:53.683786
3392.904052734375,56.27142333984375,2024-11-04T17:45:53.694137
3392.912109375,56.27939987182617,2024-11-04T17:45:53.709137
3392.920166015625,56.27977180480957,2024-11-04T17:45:53.709137
3392.927978515625,56.29288291931152,2024-11-04T17:45:53.727136
3392.93603515625,56.303951263427734,2024-11-04T17:45:53.730135
3392.944091796875,56.31614685058594,2024-11-04T17:45:53.732138
3392.9521484375,56.61453819274902,2024-11-04T17:45:53.747137
3392.960205078125,56.63424301147461,2024-11-04T17:45:53.748137
3392.968017578125,56.666038513183594,2024-11-04T17:45:53.756137
3392.97607421875,56.6993408203125,2024-11-04T17:45:53.772142
3392.984130859375,56.7240104675293,2024-11-04T17:45:53.773142
3392.991943359375,56.73103332519531,2024-11-04T17:45:53.788658
3393.0,56.75119972229004,2024-11-04T17:45:53.793664
3393.008056640625,56.78536033630371,2024-11-04T17:45:53.812649
3393.01611328125,56.82632827758789,2024-11-04T17:45:53.814651
3393.024169921875,56.84585380554199,2024-11-04T17:45:53.816650
3393.031982421875,56.87430381774902,2024-11-04T17:45:53.819650
3393.0400390625,56.894187927246094,2024-11-04T17:45:53.833653
3393.048095703125,56.916664123535156,2024-11-04T17:45:53.835653
3393.05615234375,56.95042610168457,2024-11-04T17:45:53.851651
3393.06396484375,56.97138977050781,2024-11-04T17:45:53.854654
3393.072021484375,56.97743034362793,2024-11-04T17:45:53.864652
3393.080078125,56.99894714355469,2024-11-04T17:45:53.878661
3393.088134765625,57.01177978515625,2024-11-04T17:45:53.880660
3393.095947265625,57.02310752868652,2024-11-04T17:45:53.885173
3393.10400390625,57.046756744384766,2024-11-04T17:45:53.891175
3393.112060546875,57.07375717163086,2024-11-04T17:45:53.906172
3393.1201171875,57.079206466674805,2024-11-04T17:45:53.907174
3393.128173828125,57.09739112854004,2024-11-04T17:45:53.922174
3393.135986328125,57.10744857788086,2024-11-04T17:45:53.924184
3393.14404296875,57.1086311340332,2024-11-04T17:45:53.932173
3393.152099609375,57.139543533325195,2024-11-04T17:45:53.947172
3393.16015625,57.14876365661621,2024-11-04T17:45:53.952171
3393.16796875,57.14303207397461,2024-11-04T17:45:53.955176
3393.176025390625,57.14621925354004,2024-11-04T17:45:53.970180
3393.18408203125,57.14803504943848,2024-11-04T17:45:53.971181
3393.192138671875,57.16057205200195,2024-11-04T17:45:53.988697
3393.199951171875,57.17148017883301,2024-11-04T17:45:53.991700
3393.2080078125,57.17848777770996,2024-11-04T17:45:53.997695
3393.216064453125,57.1739559173584,2024-11-04T17:45:54.013693
3393.22412109375,57.18650817871094,2024-11-04T17:45:54.015694
3393.23193359375,57.173561096191406,2024-11-04T17:45:54.020707
3393.239990234375,57.18033409118652,2024-11-04T17:45:54.027698
3393.248046875,57.19426918029785,2024-11-04T17:45:54.045698
3393.256103515625,57.18858337402344,2024-11-04T17:45:54.046696
3393.26416015625,57.18882179260254,2024-11-04T17:45:54.067699
3393.27197265625,57.194034576416016,2024-11-04T17:45:54.071706
3393.280029296875,57.18901443481445,2024-11-04T17:45:54.075705
3393.2880859375,57.19301986694336,2024-11-04T17:45:54.076704
3393.296142578125,57.19889831542969,2024-11-04T17:45:54.098220
3393.303955078125,57.19858360290527,2024-11-04T17:45:54.100220
3393.31201171875,57.20271110534668,2024-11-04T17:45:54.105218
3393.320068359375,57.22153854370117,2024-11-04T17:45:54.108229
3393.328125,57.23707389831543,2024-11-04T17:45:54.123220
3393.3359375,57.25153732299805,2024-11-04T17:45:54.124218
3393.343994140625,57.259700775146484,2024-11-04T17:45:54.143227
3393.35205078125,57.266448974609375,2024-11-04T17:45:54.144226
3393.360107421875,57.2584285736084,2024-11-04T17:45:54.150218
3393.3681640625,57.27647590637207,2024-11-04T17:45:54.161217
3393.3759765625,57.299428939819336,2024-11-04T17:45:54.167219
3393.384033203125,57.31519317626953,2024-11-04T17:45:54.172227
3393.39208984375,57.324846267700195,2024-11-04T17:45:54.185740
3393.400146484375,57.343528747558594,2024-11-04T17:45:54.187736
3393.407958984375,57.34774589538574,2024-11-04T17:45:54.195739
3393.416015625,57.34956932067871,2024-11-04T17:45:54.209740
3393.424072265625,57.343727111816406,2024-11-04T17:45:54.211739
3393.43212890625,57.35844039916992,2024-11-04T17:45:54.227734
3393.43994140625,57.35608100891113,2024-11-04T17:45:54.228734
3393.447998046875,57.35504913330078,2024-11-04T17:45:54.249734
3393.4560546875,57.35717582702637,2024-11-04T17:45:54.253736
3393.464111328125,57.35882568359375,2024-11-04T17:45:54.256735
3393.471923828125,57.35736274719238,2024-11-04T17:45:54.259735
3393.47998046875,57.37000846862793,2024-11-04T17:45:54.269741
3393.488037109375,57.378997802734375,2024-11-04T17:45:54.277741
3393.49609375,57.38202667236328,2024-11-04T17:45:54.287262
3393.504150390625,57.39077186584473,2024-11-04T17:45:54.300262
3393.511962890625,57.384443283081055,2024-11-04T17:45:54.302274
3393.52001953125,57.40188407897949,2024-11-04T17:45:54.316262
3393.528076171875,57.391845703125,2024-11-04T17:45:54.318268
3393.5361328125,57.394859313964844,2024-11-04T17:45:54.324269
3393.544189453125,57.39990043640137,2024-11-04T17:45:54.342266
3393.552001953125,57.39491653442383,2024-11-04T17:45:54.346261
3393.56005859375,57.409934997558594,2024-11-04T17:45:54.362262
3393.568115234375,57.415645599365234,2024-11-04T17:45:54.369267
3393.576171875,57.41316604614258,2024-11-04T17:45:54.371269
3393.583984375,57.42692565917969,2024-11-04T17:45:54.372273
3393.592041015625,57.430830001831055,2024-11-04T17:45:54.386788
3393.60009765625,57.4107780456543,2024-11-04T17:45:54.387788
3393.608154296875,57.4175910949707,2024-11-04T17:45:54.395794
3393.615966796875,57.41370964050293,2024-11-04T17:45:54.414797
3393.6240234375,57.41677284240723,2024-11-04T17:45:54.415796
3393.632080078125,57.42500114440918,2024-11-04T17:45:54.429790
3393.64013671875,57.42301368713379,2024-11-04T17:45:54.433790
3393.64794921875,57.428199768066406,2024-11-04T17:45:54.441790
3393.656005859375,57.40029716491699,2024-11-04T17:45:54.443789
3393.6640625,57.40565872192383,2024-11-04T17:45:54.458790
3393.672119140625,57.419124603271484,2024-11-04T17:45:54.459792
3393.68017578125,57.43230438232422,2024-11-04T17:45:54.466789
3393.688232421875,57.43526649475098,2024-11-04T17:45:54.479793
3393.696044921875,57.435890197753906,2024-11-04T17:45:54.482796
3393.7041015625,57.443695068359375,2024-11-04T17:45:54.497313
3393.7119140625,57.468698501586914,2024-11-04T17:45:54.501311
3393.719970703125,57.48355674743652,2024-11-04T17:45:54.514310
3393.72802734375,57.49464225769043,2024-11-04T17:45:54.518310
3393.736083984375,57.505563735961914,2024-11-04T17:45:54.525312
3393.744140625,57.52322196960449,2024-11-04T17:45:54.542313
3393.751953125,57.535688400268555,2024-11-04T17:45:54.543316
3393.760009765625,57.54354476928711,2024-11-04T17:45:54.548310
3393.76806640625,57.55909729003906,2024-11-04T17:45:54.565310
3393.776123046875,57.551509857177734,2024-11-04T17:45:54.567312
3393.783935546875,57.55014419555664,2024-11-04T17:45:54.579316
3393.7919921875,57.54429817199707,2024-11-04T17:45:54.586872
3393.800048828125,57.56681251525879,2024-11-04T17:45:54.589832
3393.80810546875,57.57295036315918,2024-11-04T17:45:54.604833
3393.81591796875,57.586008071899414,2024-11-04T17:45:54.606831
3393.823974609375,57.58746910095215,2024-11-04T17:45:54.611830
3393.83203125,57.58818817138672,2024-11-04T17:45:54.627833
3393.83984375,57.609968185424805,2024-11-04T17:45:54.646836
3393.847900390625,57.58186721801758,2024-11-04T17:45:54.650831
3393.85595703125,57.57403373718262,2024-11-04T17:45:54.650831
3393.864013671875,57.57638359069824,2024-11-04T17:45:54.654832
3393.8720703125,57.581918716430664,2024-11-04T17:45:54.669840
3393.8798828125,57.581085205078125,2024-11-04T17:45:54.670852
3393.887939453125,57.58232879638672,2024-11-04T17:45:54.675841
3393.89599609375,57.57417106628418,2024-11-04T17:45:54.692355
3393.904052734375,57.56296730041504,2024-11-04T17:45:54.693352
3393.911865234375,57.56956100463867,2024-11-04T17:45:54.707360
3393.919921875,57.57807159423828,2024-11-04T17:45:54.712350
3393.927978515625,57.5931510925293,2024-11-04T17:45:54.719351
3393.93603515625,57.59678840637207,2024-11-04T17:45:54.723351
3393.94384765625,57.599666595458984,2024-11-04T17:45:54.736352
3393.951904296875,57.597164154052734,2024-11-04T17:45:54.739351
3393.9599609375,57.60531997680664,2024-11-04T17:45:54.756355
3393.968017578125,57.60405349731445,2024-11-04T17:45:54.759349
3393.975830078125,57.595746994018555,2024-11-04T17:45:54.766351
3393.984130859375,58.668365478515625,2024-11-04T17:45:54.774370
3393.991943359375,58.67071533203125,2024-11-04T17:45:54.783868
3394.0,58.680564880371094,2024-11-04T17:45:54.786882
3394.008056640625,58.681081771850586,2024-11-04T17:45:54.802880
3394.015869140625,58.67508506774902,2024-11-04T17:45:54.803877
3394.02392578125,58.65421104431152,2024-11-04T17:45:54.811878
3394.031982421875,58.64399337768555,2024-11-04T17:45:54.827882
3394.0400390625,58.637691497802734,2024-11-04T17:45:54.828886
3394.0478515625,58.64414405822754,2024-11-04T17:45:54.848875
3394.055908203125,58.64360427856445,2024-11-04T17:45:54.852874
3394.06396484375,58.6566104888916,2024-11-04T17:45:54.853874
3394.072021484375,58.65013313293457,2024-11-04T17:45:54.872895
3394.079833984375,58.65708351135254,2024-11-04T17:45:54.873888
3394.088134765625,58.653425216674805,2024-11-04T17:45:54.875888
3394.095947265625,58.66291809082031,2024-11-04T17:45:54.893403
3394.10400390625,58.6593017578125,2024-11-04T17:45:54.898402
3394.112060546875,58.66348648071289,2024-11-04T17:45:54.902404
3394.119873046875,58.67352485656738,2024-11-04T17:45:54.907406
3394.1279296875,58.67492866516113,2024-11-04T17:45:54.918403
3394.135986328125,58.67891502380371,2024-11-04T17:45:54.923407
3394.14404296875,58.66885948181152,2024-11-04T17:45:54.941406
3394.15185546875,58.67129898071289,2024-11-04T17:45:54.943409
3394.159912109375,58.67245292663574,2024-11-04T17:45:54.947404
3394.16796875,58.68215751647949,2024-11-04T17:45:54.965410
3394.176025390625,58.68979835510254,2024-11-04T17:45:54.975421
3394.183837890625,58.6977596282959,2024-11-04T17:45:54.980416
3394.19189453125,58.70144462585449,2024-11-04T17:45:54.985934
3394.199951171875,58.70503616333008,2024-11-04T17:45:54.986940
3394.2080078125,58.696584701538086,2024-11-04T17:45:54.995933
3394.216064453125,58.68628692626953,2024-11-04T17:45:55.010932
3394.223876953125,58.68991279602051,2024-11-04T17:45:55.011936
3394.23193359375,58.68432807922363,2024-11-04T17:45:55.021943
3394.239990234375,58.68605613708496,2024-11-04T17:45:55.039939
3394.248046875,58.691293716430664,2024-11-04T17:45:55.040934
3394.255859375,58.69950866699219,2024-11-04T17:45:55.043936
3394.263916015625,58.69825553894043,2024-11-04T17:45:55.058937
3394.27197265625,58.691200256347656,2024-11-04T17:45:55.077940
3394.280029296875,58.69403839111328,2024-11-04T17:45:55.086464
3394.2880859375,58.69228172302246,2024-11-04T17:45:55.097462
3394.2958984375,58.703407287597656,2024-11-04T17:45:55.098461
3394.303955078125,58.6868953704834,2024-11-04T17:45:55.100464
3394.31201171875,58.6967887878418,2024-11-04T17:45:55.100464
3394.31982421875,58.68699645996094,2024-11-04T17:45:55.113461
3394.327880859375,58.7003116607666,2024-11-04T17:45:55.116466
3394.3359375,58.688480377197266,2024-11-04T17:45:55.124479
3394.343994140625,58.667776107788086,2024-11-04T17:45:55.139459
3394.35205078125,58.6684684753418,2024-11-04T17:45:55.140461
3394.360107421875,58.68082046508789,2024-11-04T17:45:55.156467
3394.367919921875,58.69280815124512,2024-11-04T17:45:55.160463
3394.3759765625,58.69337463378906,2024-11-04T17:45:55.184995
3394.384033203125,59.026756286621094,2024-11-04T17:45:55.190997
3394.39208984375,59.01639175415039,2024-11-04T17:45:55.192006
3394.39990234375,59.0009880065918,2024-11-04T17:45:55.192006
3394.407958984375,58.99980354309082,2024-11-04T17:45:55.203993
3394.416015625,59.0048828125,2024-11-04T17:45:55.204994
3394.424072265625,59.01491737365723,2024-11-04T17:45:55.210994
3394.431884765625,59.03404998779297,2024-11-04T17:45:55.229996
3394.43994140625,59.0533390045166,2024-11-04T17:45:55.231001
3394.447998046875,59.06886672973633,2024-11-04T17:45:55.238996
3394.4560546875,59.07204627990723,2024-11-04T17:45:55.253992
3394.4638671875,59.09071350097656,2024-11-04T17:45:55.256992
3394.471923828125,59.11393356323242,2024-11-04T17:45:55.259991
3394.47998046875,59.1215763092041,2024-11-04T17:45:55.273002
3394.488037109375,59.136009216308594,2024-11-04T17:45:55.275004
3394.495849609375,59.16363716125488,2024-11-04T17:45:55.293529
3394.50390625,59.17758560180664,2024-11-04T17:45:55.294531
3394.511962890625,59.19098091125488,2024-11-04T17:45:55.306528
3394.52001953125,59.24398612976074,2024-11-04T17:45:55.316526
3394.528076171875,59.265594482421875,2024-11-04T17:45:55.319529
3394.535888671875,59.272125244140625,2024-11-04T17:45:55.323530
3394.5439453125,59.28936767578125,2024-11-04T17:45:55.337528
3394.552001953125,59.29657173156738,2024-11-04T17:45:55.340526
3394.56005859375,59.30882453918457,2024-11-04T17:45:55.358529
3394.56787109375,59.33545684814453,2024-11-04T17:45:55.359531
3394.575927734375,59.334327697753906,2024-11-04T17:45:55.368527
3394.583984375,59.35236740112305,2024-11-04T17:45:55.378534
3394.592041015625,59.34918212890625,2024-11-04T17:45:55.384044
3394.599853515625,59.324275970458984,2024-11-04T17:45:55.387056
3394.60791015625,59.3223819732666,2024-11-04T17:45:55.400052
3394.615966796875,59.32490348815918,2024-11-04T17:45:55.403054
3394.6240234375,59.308265686035156,2024-11-04T17:45:55.425057
3394.632080078125,59.30706214904785,2024-11-04T17:45:55.426056
3394.639892578125,59.292795181274414,2024-11-04T17:45:55.427054
3394.64794921875,59.232900619506836,2024-11-04T17:45:55.443055
3394.656005859375,59.24042892456055,2024-11-04T17:45:55.448052
3394.6640625,59.23124694824219,2024-11-04T17:45:55.453051
3394.671875,59.21927261352539,2024-11-04T17:45:55.467051
3394.679931640625,59.21230506896973,2024-11-04T17:45:55.469059
3394.68798828125,59.18147087097168,2024-11-04T17:45:55.475069
3394.696044921875,59.13172721862793,2024-11-04T17:45:55.489583
3394.7041015625,59.12689018249512,2024-11-04T17:45:55.505577
3394.7119140625,59.133012771606445,2024-11-04T17:45:55.516578
3394.719970703125,59.117815017700195,2024-11-04T17:45:55.519578
3394.72802734375,59.12605667114258,2024-11-04T17:45:55.519578
3394.73583984375,59.12152099609375,2024-11-04T17:45:55.532575
3394.743896484375,59.10968780517578,2024-11-04T17:45:55.533575
3394.751953125,59.0823860168457,2024-11-04T17:45:55.540591
3394.760009765625,59.0803337097168,2024-11-04T17:45:55.556578
3394.76806640625,59.061941146850586,2024-11-04T17:45:55.557579
3394.77587890625,59.04478073120117,2024-11-04T17:45:55.568579
3394.783935546875,59.038591384887695,2024-11-04T17:45:55.572589
3394.7919921875,58.98050308227539,2024-11-04T17:45:55.580586
3394.800048828125,58.966291427612305,2024-11-04T17:45:55.598110
3394.807861328125,58.94865798950195,2024-11-04T17:45:55.600112
3394.81591796875,58.95655632019043,2024-11-04T17:45:55.604130
3394.823974609375,58.939815521240234,2024-11-04T17:45:55.612107
3394.83203125,58.882774353027344,2024-11-04T17:45:55.630107
3394.83984375,58.83125686645508,2024-11-04T17:45:55.632108
3394.847900390625,58.81695747375488,2024-11-04T17:45:55.646110
3394.85595703125,58.836795806884766,2024-11-04T17:45:55.648107
3394.864013671875,58.83815383911133,2024-11-04T17:45:55.652108
3394.8720703125,58.824167251586914,2024-11-04T17:45:55.675121
3394.8798828125,58.78109359741211,2024-11-04T17:45:55.676113
3394.887939453125,58.73721122741699,2024-11-04T17:45:55.677114
3394.89599609375,58.74091720581055,2024-11-04T17:45:55.693429
3394.904052734375,58.74252128601074,2024-11-04T17:45:55.699429
3394.912109375,58.74678421020508,2024-11-04T17:45:55.700430
3394.919921875,58.74201011657715,2024-11-04T17:45:55.716426
3394.927978515625,58.74776840209961,2024-11-04T17:45:55.718430
3394.93603515625,58.732391357421875,2024-11-04T17:45:55.723429
3394.94384765625,58.737060546875,2024-11-04T17:45:55.740434
3394.951904296875,58.75059509277344,2024-11-04T17:45:55.742434
3394.9599609375,58.74361610412598,2024-11-04T17:45:55.755433
3394.968017578125,58.74063682556152,2024-11-04T17:45:55.759437
3394.97607421875,58.73105430603027,2024-11-04T17:45:55.771448
3394.98388671875,58.748165130615234,2024-11-04T17:45:55.784961
3394.991943359375,58.799360275268555,2024-11-04T17:45:55.789961
3395.0,58.79118347167969,2024-11-04T17:45:55.790963
3395.008056640625,58.830923080444336,2024-11-04T17:45:55.803965
3395.015869140625,58.8306827545166,2024-11-04T17:45:55.805965
3395.02392578125,58.84882164001465,2024-11-04T17:45:55.811962
3395.031982421875,58.86782264709473,2024-11-04T17:45:55.826971
3395.0400390625,58.890995025634766,2024-11-04T17:45:55.835960
3395.0478515625,58.88675308227539,2024-11-04T17:45:55.845961
3395.055908203125,58.91380500793457,2024-11-04T17:45:55.849960
3395.06396484375,58.9245491027832,2024-11-04T17:45:55.852963
3395.072021484375,58.902706146240234,2024-11-04T17:45:55.867961
3395.080078125,58.94919776916504,2024-11-04T17:45:55.868963
3395.088134765625,58.98792839050293,2024-11-04T17:45:55.876974
3395.095947265625,59.0112247467041,2024-11-04T17:45:55.889489
3395.10400390625,59.016414642333984,2024-11-04T17:45:55.895481
3395.112060546875,59.06087112426758,2024-11-04T17:45:55.905484
3395.119873046875,59.03713035583496,2024-11-04T17:45:55.915482
3395.1279296875,59.08540344238281,2024-11-04T17:45:55.917484
3395.135986328125,59.119707107543945,2024-11-04T17:45:55.929486
3395.14404296875,59.155744552612305,2024-11-04T17:45:55.931486
3395.15185546875,59.19599533081055,2024-11-04T17:45:55.949480
3395.159912109375,59.231767654418945,2024-11-04T17:45:55.952495
3395.16796875,59.26633262634277,2024-11-04T17:45:55.957481
3395.176025390625,59.28277397155762,2024-11-04T17:45:55.968480
3395.18408203125,59.31799125671387,2024-11-04T17:45:55.977487
3395.192138671875,59.33937072753906,2024-11-04T17:45:55.979491
3395.199951171875,59.37281799316406,2024-11-04T17:45:55.987013
3395.2080078125,59.40023994445801,2024-11-04T17:45:56.002006
3395.216064453125,59.411956787109375,2024-11-04T17:45:56.012006
3395.223876953125,59.446062088012695,2024-11-04T17:45:56.018004
3395.23193359375,59.494686126708984,2024-11-04T17:45:56.022007
3395.239990234375,59.525278091430664,2024-11-04T17:45:56.028005
3395.248046875,59.56460952758789,2024-11-04T17:45:56.045006
3395.255859375,59.5737190246582,2024-11-04T17:45:56.045006
3395.263916015625,59.58480453491211,2024-11-04T17:45:56.052007
3395.27197265625,59.614994049072266,2024-11-04T17:45:56.067005
3395.280029296875,59.640554428100586,2024-11-04T17:45:56.067005
3395.2880859375,59.676015853881836,2024-11-04T17:45:56.083016
3395.2958984375,59.70841026306152,2024-11-04T17:45:56.087537
3395.303955078125,59.71801567077637,2024-11-04T17:45:56.094542
3395.31201171875,59.733341217041016,2024-11-04T17:45:56.109535
3395.320068359375,59.73800849914551,2024-11-04T17:45:56.112541
3395.327880859375,59.750423431396484,2024-11-04T17:45:56.115535
3395.3359375,59.778228759765625,2024-11-04T17:45:56.136538
3395.343994140625,59.79701614379883,2024-11-04T17:45:56.137538
3395.35205078125,59.80081558227539,2024-11-04T17:45:56.142539
3395.35986328125,59.829633712768555,2024-11-04T17:45:56.151542
3395.367919921875,59.8306999206543,2024-11-04T17:45:56.161538
3395.3759765625,59.82975769042969,2024-11-04T17:45:56.163539
3395.384033203125,59.82069206237793,2024-11-04T17:45:56.176544
3395.39208984375,59.7825870513916,2024-11-04T17:45:56.179545
3395.39990234375,59.76363945007324,2024-11-04T17:45:56.199061
3395.407958984375,59.77178382873535,2024-11-04T17:45:56.201063
3395.416015625,59.76485824584961,2024-11-04T17:45:56.203063
3395.424072265625,59.77364730834961,2024-11-04T17:45:56.216060
3395.431884765625,59.771602630615234,2024-11-04T17:45:56.223068
3395.43994140625,59.773399353027344,2024-11-04T17:45:56.229063
3395.447998046875,59.781965255737305,2024-11-04T17:45:56.242065
3395.4560546875,59.79763603210449,2024-11-04T17:45:56.243063
3395.4638671875,59.79779815673828,2024-11-04T17:45:56.263060
3395.471923828125,59.776371002197266,2024-11-04T17:45:56.264062
3395.47998046875,59.793569564819336,2024-11-04T17:45:56.268063
3395.488037109375,59.81445503234863,2024-11-04T17:45:56.287591
3395.495849609375,59.80990028381348,2024-11-04T17:45:56.291585
3395.50390625,59.82181739807129,2024-11-04T17:45:56.291585
3395.511962890625,59.808637619018555,2024-11-04T17:45:56.306597
3395.52001953125,59.79939079284668,2024-11-04T17:45:56.308587
3395.52783203125,59.809953689575195,2024-11-04T17:45:56.315589
3395.535888671875,59.827571868896484,2024-11-04T17:45:56.328588
3395.5439453125,59.8215274810791,2024-11-04T17:45:56.331590
3395.552001953125,59.83136558532715,2024-11-04T17:45:56.347593
3395.56005859375,59.82023239135742,2024-11-04T17:45:56.348589
3395.56787109375,59.8216609954834,2024-11-04T17:45:56.367587
3395.575927734375,59.82975196838379,2024-11-04T17:45:56.371593
3395.583984375,59.80025863647461,2024-11-04T17:45:56.373593
3395.592041015625,59.776084899902344,2024-11-04T17:45:56.379595
3395.60009765625,59.58251762390137,2024-11-04T17:45:56.399138
3395.60791015625,59.54014587402344,2024-11-04T17:45:56.400138
3395.615966796875,59.471017837524414,2024-11-04T17:45:56.415138
3395.6240234375,59.46962356567383,2024-11-04T17:45:56.417144
3395.6318359375,59.49250793457031,2024-11-04T17:45:56.427137
3395.639892578125,59.50580406188965,2024-11-04T17:45:56.433144
3395.64794921875,59.526607513427734,2024-11-04T17:45:56.442138
3395.656005859375,59.55481147766113,2024-11-04T17:45:56.444137
3395.663818359375,59.58054161071777,2024-11-04T17:45:56.452144
3395.671875,59.583913803100586,2024-11-04T17:45:56.463139
3395.679931640625,59.59132766723633,2024-11-04T17:45:56.478146
3395.68798828125,59.59491539001465,2024-11-04T17:45:56.479144
3395.696044921875,59.60047149658203,2024-11-04T17:45:56.486669
3395.7041015625,59.61358070373535,2024-11-04T17:45:56.502664
3395.7119140625,59.61101150512695,2024-11-04T17:45:56.503663
3395.719970703125,59.619415283203125,2024-11-04T17:45:56.507662
3395.72802734375,59.60851287841797,2024-11-04T17:45:56.524675
3395.73583984375,59.62866401672363,2024-11-04T17:45:56.526666
3395.743896484375,59.63371467590332,2024-11-04T17:45:56.542665
3395.751953125,59.65068817138672,2024-11-04T17:45:56.543662
3395.760009765625,59.64809226989746,2024-11-04T17:45:56.550665
3395.76806640625,59.623029708862305,2024-11-04T17:45:56.555667
3395.77587890625,59.616899490356445,2024-11-04T17:45:56.570672
3395.783935546875,59.62569618225098,2024-11-04T17:45:56.572675
3395.7919921875,59.6405143737793,2024-11-04T17:45:56.579673
3395.800048828125,59.646209716796875,2024-11-04T17:45:56.594186
3395.80810546875,59.64335060119629,2024-11-04T17:45:56.595187
3395.81591796875,59.645225524902344,2024-11-04T17:45:56.607184
3395.823974609375,59.64383888244629,2024-11-04T17:45:56.619186
3395.83203125,59.64603233337402,2024-11-04T17:45:56.623185
3395.83984375,59.66634941101074,2024-11-04T17:45:56.637183
3395.847900390625,59.66699409484863,2024-11-04T17:45:56.638184
3395.85595703125,59.68123245239258,2024-11-04T17:45:56.643185
3395.864013671875,59.68263053894043,2024-11-04T17:45:56.661183
3395.8720703125,59.67572212219238,2024-11-04T17:45:56.664186
3395.8798828125,59.67790222167969,2024-11-04T17:45:56.676195
3395.887939453125,59.681413650512695,2024-11-04T17:45:56.683193
3395.89599609375,59.69255256652832,2024-11-04T17:45:56.684192
3395.904052734375,59.7020378112793,2024-11-04T17:45:56.695709
3395.911865234375,59.7144660949707,2024-11-04T17:45:56.699712
3395.919921875,59.71220588684082,2024-11-04T17:45:56.713709
3395.927978515625,59.718116760253906,2024-11-04T17:45:56.715707
3395.93603515625,59.66343688964844,2024-11-04T17:45:56.725716
3395.944091796875,59.610321044921875,2024-11-04T17:45:56.742713
3395.951904296875,59.59223556518555,2024-11-04T17:45:56.744711
3395.9599609375,59.57530975341797,2024-11-04T17:45:56.748707
3395.968017578125,59.57640075683594,2024-11-04T17:45:56.764713
3395.975830078125,59.57142448425293,2024-11-04T17:45:56.765711
3395.98388671875,59.567604064941406,2024-11-04T17:45:56.778721
3395.991943359375,59.56394386291504,2024-11-04T17:45:56.794237
3396.0,59.569807052612305,2024-11-04T17:45:56.799237
3396.008056640625,59.56155586242676,2024-11-04T17:45:56.802241
3396.015869140625,59.56247901916504,2024-11-04T17:45:56.803237
3396.02392578125,59.5593204498291,2024-11-04T17:45:56.817239
3396.031982421875,59.56979942321777,2024-11-04T17:45:56.821249
3396.0400390625,59.57462120056152,2024-11-04T17:45:56.827237
3396.0478515625,59.58834457397461,2024-11-04T17:45:56.848236
3396.055908203125,59.60833168029785,2024-11-04T17:45:56.849239
3396.06396484375,59.61225700378418,2024-11-04T17:45:56.852236
3396.072021484375,59.63538932800293,2024-11-04T17:45:56.877247
3396.079833984375,59.65613555908203,2024-11-04T17:45:56.882253
3396.088134765625,59.66438674926758,2024-11-04T17:45:56.883256
3396.095947265625,59.66461944580078,2024-11-04T17:45:56.884264
3396.10400390625,59.66233253479004,2024-11-04T17:45:56.900521
3396.112060546875,59.66655158996582,2024-11-04T17:45:56.905533
3396.119873046875,59.679731369018555,2024-11-04T17:45:56.912524
3396.1279296875,59.69584846496582,2024-11-04T17:45:56.925521
3396.135986328125,59.691131591796875,2024-11-04T17:45:56.929522
3396.14404296875,59.71572494506836,2024-11-04T17:45:56.931531
3396.15185546875,59.7228889465332,2024-11-04T17:45:56.948522
3396.159912109375,59.736732482910156,2024-11-04T17:45:56.949521
3396.16796875,59.742788314819336,2024-11-04T17:45:56.964520
3396.176025390625,59.7411003112793,2024-11-04T17:45:56.976526
3396.183837890625,59.746726989746094,2024-11-04T17:45:56.979530
3396.19189453125,59.75201988220215,2024-11-04T17:45:56.979530
3396.199951171875,59.756853103637695,2024-11-04T17:45:56.995040
3396.2080078125,59.76350021362305,2024-11-04T17:45:56.996044
3396.2158203125,59.764801025390625,2024-11-04T17:45:57.005048
3396.223876953125,59.76673698425293,2024-11-04T17:45:57.012043
3396.23193359375,59.76645088195801,2024-11-04T17:45:57.029042
3396.239990234375,59.772159576416016,2024-11-04T17:45:57.031044
3396.248046875,59.77875518798828,2024-11-04T17:45:57.036042
3396.255859375,59.78303527832031,2024-11-04T17:45:57.055041
3396.263916015625,59.80143928527832,2024-11-04T17:45:57.056041
3396.27197265625,59.80540466308594,2024-11-04T17:45:57.073055
3396.280029296875,59.804670333862305,2024-11-04T17:45:57.082049
3396.2880859375,59.79686737060547,2024-11-04T17:45:57.088588
3396.2958984375,59.79212951660156,2024-11-04T17:45:57.092589
3396.303955078125,59.7924861907959,2024-11-04T17:45:57.094594
3396.31201171875,59.81043815612793,2024-11-04T17:45:57.109584
3396.31982421875,59.81546592712402,2024-11-04T17:45:57.111584
3396.327880859375,59.814327239990234,2024-11-04T17:45:57.115594
3396.3359375,59.81516075134277,2024-11-04T17:45:57.123589
3396.343994140625,59.80724906921387,2024-11-04T17:45:57.139586
3396.35205078125,59.807512283325195,2024-11-04T17:45:57.140586
3396.35986328125,59.79489517211914,2024-11-04T17:45:57.156591
3396.367919921875,59.79290199279785,2024-11-04T17:45:57.158605
3396.3759765625,59.79602813720703,2024-11-04T17:45:57.178602
3396.384033203125,59.79924774169922,2024-11-04T17:45:57.186114
3396.391845703125,59.805419921875,2024-11-04T17:45:57.189115
3396.39990234375,59.80030632019043,2024-11-04T17:45:57.192113
3396.407958984375,59.801918029785156,2024-11-04T17:45:57.196115
3396.416015625,59.7952823638916,2024-11-04T17:45:57.208112
3396.424072265625,59.7927303314209,2024-11-04T17:45:57.211114
3396.431884765625,59.77496528625488,2024-11-04T17:45:57.228111
3396.43994140625,59.75882530212402,2024-11-04T17:45:57.230113
3396.447998046875,59.76206016540527,2024-11-04T17:45:57.242126
3396.4560546875,59.76607131958008,2024-11-04T17:45:57.253112
3396.4638671875,59.75973129272461,2024-11-04T17:45:57.256113
3396.471923828125,59.74476623535156,2024-11-04T17:45:57.261115
3396.47998046875,59.73588943481445,2024-11-04T17:45:57.275131
3396.488037109375,59.73096466064453,2024-11-04T17:45:57.276132
3396.495849609375,59.73947334289551,2024-11-04T17:45:57.294643
3396.50390625,59.738868713378906,2024-11-04T17:45:57.295645
3396.511962890625,59.742591857910156,2024-11-04T17:45:57.311645
3396.52001953125,59.742868423461914,2024-11-04T17:45:57.317645
3396.52783203125,59.73672866821289,2024-11-04T17:45:57.324645
3396.535888671875,59.74073600769043,2024-11-04T17:45:57.325647
3396.5439453125,59.74045181274414,2024-11-04T17:45:57.339644
3396.552001953125,59.73587608337402,2024-11-04T17:45:57.340647
3396.56005859375,59.73721504211426,2024-11-04T17:45:57.360643
3396.56787109375,59.73489952087402,2024-11-04T17:45:57.362646
3396.575927734375,59.73394203186035,2024-11-04T17:45:57.363645
3396.583984375,59.73685264587402,2024-11-04T17:45:57.379657
3396.592041015625,59.741559982299805,2024-11-04T17:45:57.386702
3396.60009765625,59.7307243347168,2024-11-04T17:45:57.388703
3396.60791015625,59.735050201416016,2024-11-04T17:45:57.404709
3396.615966796875,59.73116493225098,2024-11-04T17:45:57.405697
3396.6240234375,59.721479415893555,2024-11-04T17:45:57.411702
3396.6318359375,59.73416709899902,2024-11-04T17:45:57.426706
3396.639892578125,59.74696350097656,2024-11-04T17:45:57.427710
3396.64794921875,59.75296401977539,2024-11-04T17:45:57.448700
3396.656005859375,59.75843048095703,2024-11-04T17:45:57.450697
3396.6640625,59.75580978393555,2024-11-04T17:45:57.452697
3396.671875,59.75747871398926,2024-11-04T17:45:57.468698
3396.679931640625,59.75430870056152,2024-11-04T17:45:57.469699
3396.68798828125,59.75596237182617,2024-11-04T17:45:57.475710
3396.696044921875,59.76156234741211,2024-11-04T17:45:57.492229
3396.7041015625,59.76199150085449,2024-11-04T17:45:57.493225
3396.7119140625,59.760902404785156,2024-11-04T17:45:57.503225
3396.719970703125,59.75599670410156,2024-11-04T17:45:57.513223
3396.72802734375,59.753177642822266,2024-11-04T17:45:57.521223
3396.73583984375,59.75481605529785,2024-11-04T17:45:57.524224
3396.743896484375,59.767080307006836,2024-11-04T17:45:57.541221
3396.751953125,59.766714096069336,2024-11-04T17:45:57.543224
3396.760009765625,59.761064529418945,2024-11-04T17:45:57.549225
3396.767822265625,59.75424003601074,2024-11-04T17:45:57.556225
3396.77587890625,59.76192665100098,2024-11-04T17:45:57.569221
3396.783935546875,59.77886772155762,2024-11-04T17:45:57.571232
3396.7919921875,59.783926010131836,2024-11-04T17:45:57.588762
3396.800048828125,59.77893829345703,2024-11-04T17:45:57.589776
3396.80810546875,59.76791763305664,2024-11-04T17:45:57.612757
3396.81591796875,59.76296043395996,2024-11-04T17:45:57.621760
3396.823974609375,59.76907730102539,2024-11-04T17:45:57.626762
3396.83203125,59.76812934875488,2024-11-04T17:45:57.629756
3396.83984375,59.759376525878906,2024-11-04T17:45:57.631760
3396.847900390625,59.75903511047363,2024-11-04T17:45:57.644758
3396.85595703125,59.757694244384766,2024-11-04T17:45:57.646757
3396.864013671875,59.759883880615234,2024-11-04T17:45:57.651760
3396.8720703125,59.76445198059082,2024-11-04T17:45:57.669756
3396.8798828125,59.758567810058594,2024-11-04T17:45:57.673775
3396.887939453125,59.75138473510742,2024-11-04T17:45:57.694819
3396.89599609375,59.74166679382324,2024-11-04T17:45:57.696820
3396.904052734375,59.753665924072266,2024-11-04T17:45:57.697817
3396.911865234375,59.76054000854492,2024-11-04T17:45:57.709819
3396.919921875,59.751277923583984,2024-11-04T17:45:57.711817
3396.927978515625,59.755828857421875,2024-11-04T17:45:57.716818
3396.93603515625,59.75070762634277,2024-11-04T17:45:57.734822
3396.944091796875,59.73113250732422,2024-11-04T17:45:57.736820
3396.951904296875,59.72820854187012,2024-11-04T17:45:57.745818
3396.9599609375,59.72722816467285,2024-11-04T17:45:57.748824
3396.968017578125,59.73162841796875,2024-11-04T17:45:57.756823
3396.97607421875,59.72707176208496,2024-11-04T17:45:57.763819
3396.98388671875,59.73664093017578,2024-11-04T17:45:57.776824
3396.991943359375,59.71918487548828,2024-11-04T17:45:57.779826
3397.0,59.71825981140137,2024-11-04T17:45:57.799342
3397.008056640625,59.71325874328613,2024-11-04T17:45:57.800342
3397.015869140625,59.71337699890137,2024-11-04T17:45:57.821341
3397.02392578125,59.71479606628418,2024-11-04T17:45:57.825343
3397.031982421875,59.69810676574707,2024-11-04T17:45:57.826342
3397.0400390625,59.67091941833496,2024-11-04T17:45:57.827339
3397.0478515625,59.63837242126465,2024-11-04T17:45:57.842340
3397.055908203125,59.602230072021484,2024-11-04T17:45:57.843340
3397.06396484375,59.61363410949707,2024-11-04T17:45:57.861339
3397.072021484375,59.61375427246094,2024-11-04T17:45:57.866341
3397.079833984375,59.59672927856445,2024-11-04T17:45:57.868343
3397.087890625,59.5997314453125,2024-11-04T17:45:57.888865
3397.095947265625,59.59863090515137,2024-11-04T17:45:57.893878
3397.10400390625,59.619558334350586,2024-11-04T17:45:57.895873
3397.112060546875,59.61814880371094,2024-11-04T17:45:57.907864
3397.119873046875,59.624921798706055,2024-11-04T17:45:57.910862
3397.1279296875,59.617502212524414,2024-11-04T17:45:57.914861
3397.135986328125,59.61572456359863,2024-11-04T17:45:57.930864
3397.14404296875,59.614078521728516,2024-11-04T17:45:57.931866
3397.15185546875,59.611175537109375,2024-11-04T17:45:57.947865
3397.159912109375,59.62063407897949,2024-11-04T17:45:57.948863
3397.16796875,59.64178657531738,2024-11-04T17:45:57.965862
3397.176025390625,59.63429069519043,2024-11-04T17:45:57.970871
3397.18408203125,59.632232666015625,2024-11-04T17:45:57.973871
3397.19189453125,59.63977241516113,2024-11-04T17:45:57.978876
3397.199951171875,59.63133430480957,2024-11-04T17:45:57.993393
3397.2080078125,59.64273262023926,2024-11-04T17:45:57.996396
3397.2158203125,59.64173889160156,2024-11-04T17:45:58.005455
3397.223876953125,59.637929916381836,2024-11-04T17:45:58.019394
3397.23193359375,59.62557029724121,2024-11-04T17:45:58.020395
3397.239990234375,59.603708267211914,2024-11-04T17:45:58.033394
3397.248046875,59.60923957824707,2024-11-04T17:45:58.047395
3397.255859375,59.606449127197266,2024-11-04T17:45:58.050394
3397.263916015625,59.59686851501465,2024-11-04T17:45:58.052392
3397.27197265625,59.58633804321289,2024-11-04T17:45:58.074401
3397.280029296875,59.590118408203125,2024-11-04T17:45:58.077401
3397.2880859375,59.58343505859375,2024-11-04T17:45:58.078403
3397.2958984375,59.57307052612305,2024-11-04T17:45:58.092922
3397.303955078125,59.601463317871094,2024-11-04T17:45:58.096921
3397.31201171875,59.59538650512695,2024-11-04T17:45:58.103916
3397.320068359375,59.57878303527832,2024-11-04T17:45:58.106916
3397.327880859375,59.56811714172363,2024-11-04T17:45:58.120915
3397.3359375,59.559871673583984,2024-11-04T17:45:58.125917
3397.343994140625,59.56103324890137,2024-11-04T17:45:58.130917
3397.35205078125,59.562143325805664,2024-11-04T17:45:58.145918
3397.35986328125,59.55261039733887,2024-11-04T17:45:58.147918
3397.367919921875,59.53207969665527,2024-11-04T17:45:58.163921
3397.3759765625,59.51226806640625,2024-11-04T17:45:58.167918
3397.384033203125,59.47650909423828,2024-11-04T17:45:58.182939
3397.39208984375,59.45222091674805,2024-11-04T17:45:58.196448
3397.39990234375,59.322235107421875,2024-11-04T17:45:58.200448
3397.407958984375,59.21109580993652,2024-11-04T17:45:58.201452
3397.416015625,59.16556167602539,2024-11-04T17:45:58.203449
3397.423828125,59.201683044433594,2024-11-04T17:45:58.219454
3397.431884765625,59.221092224121094,2024-11-04T17:45:58.223449
3397.43994140625,59.211830139160156,2024-11-04T17:45:58.227448
3397.447998046875,59.173038482666016,2024-11-04T17:45:58.250448
3397.4560546875,59.15152931213379,2024-11-04T17:45:58.253450
3397.4638671875,59.13138771057129,2024-11-04T17:45:58.256448
3397.471923828125,59.13341522216797,2024-11-04T17:45:58.271462
3397.47998046875,59.10245895385742,2024-11-04T17:45:58.273457
3397.488037109375,59.076791763305664,2024-11-04T17:45:58.282453
3397.49609375,59.040130615234375,2024-11-04T17:45:58.292977
3397.50390625,59.03984069824219,2024-11-04T17:45:58.300972
3397.511962890625,59.05919075012207,2024-11-04T17:45:58.303971
3397.52001953125,59.052934646606445,2024-11-04T17:45:58.306978
3397.52783203125,59.04854202270508,2024-11-04T17:45:58.321972
3397.535888671875,58.99310493469238,2024-11-04T17:45:58.323973
3397.5439453125,58.97398567199707,2024-11-04T17:45:58.330973
3397.552001953125,58.951194763183594,2024-11-04T17:45:58.343974
3397.56005859375,58.97341346740723,2024-11-04T17:45:58.348979
3397.56787109375,58.968820571899414,2024-11-04T17:45:58.362970
3397.575927734375,58.96487617492676,2024-11-04T17:45:58.363974
3397.583984375,58.94680976867676,2024-11-04T17:45:58.379988
3397.592041015625,58.93681716918945,2024-11-04T17:45:58.387502
3397.599853515625,58.92754554748535,2024-11-04T17:45:58.392506
3397.60791015625,58.89676094055176,2024-11-04T17:45:58.405500
3397.615966796875,58.88312339782715,2024-11-04T17:45:58.408505
3397.6240234375,58.85618591308594,2024-11-04T17:45:58.411501
3397.6318359375,58.83351135253906,2024-11-04T17:45:58.428501
3397.639892578125,58.81662368774414,2024-11-04T17:45:58.435501
3397.64794921875,58.78781509399414,2024-11-04T17:45:58.436504
3397.656005859375,58.78863716125488,2024-11-04T17:45:58.443501
3397.6640625,58.739830017089844,2024-11-04T17:45:58.457504
3397.671875,58.765655517578125,2024-11-04T17:45:58.461501
3397.679931640625,58.773040771484375,2024-11-04T17:45:58.467503
3397.68798828125,58.77230644226074,2024-11-04T17:45:58.485016
3397.696044921875,58.75749206542969,2024-11-04T17:45:58.486027
3397.7041015625,58.761470794677734,2024-11-04T17:45:58.502028
3397.7119140625,58.76041221618652,2024-11-04T17:45:58.503025
3397.719970703125,58.763010025024414,2024-11-04T17:45:58.515025
3397.72802734375,58.769203186035156,2024-11-04T17:45:58.523029
3397.73583984375,58.780778884887695,2024-11-04T17:45:58.530029
3397.743896484375,58.777456283569336,2024-11-04T17:45:58.536031
3397.751953125,58.78006553649902,2024-11-04T17:45:58.550026
3397.760009765625,58.78709602355957,2024-11-04T17:45:58.551026
3397.767822265625,58.78211975097656,2024-11-04T17:45:58.556027
3397.77587890625,58.77762985229492,2024-11-04T17:45:58.576041
3397.783935546875,58.79033660888672,2024-11-04T17:45:58.577039
3397.7919921875,58.79354286193848,2024-11-04T17:45:58.580039
3397.7998046875,nan,2024-11-04T17:45:58.595551
3397.807861328125,nan,2024-11-04T17:45:58.596551
3397.81591796875,nan,2024-11-04T17:45:58.611551
3397.82373046875,nan,2024-11-04T17:45:58.622553
3397.831787109375,nan,2024-11-04T17:45:58.623551
3397.83984375,nan,2024-11-04T17:45:58.627550
3397.847900390625,nan,2024-11-04T17:45:58.636549
3397.85595703125,nan,2024-11-04T17:45:58.650552
3397.86376953125,nan,2024-11-04T17:45:58.653551
3397.871826171875,nan,2024-11-04T17:45:58.659550
3397.8798828125,nan,2024-11-04T17:45:58.674559
3397.887939453125,nan,2024-11-04T17:45:58.676562
3397.895751953125,nan,2024-11-04T17:45:58.683562
3397.90380859375,nan,2024-11-04T17:45:58.699079
3397.911865234375,nan,2024-11-04T17:45:58.704080
3397.919921875,nan,2024-11-04T17:45:58.720078
3397.927734375,nan,2024-11-04T17:45:58.721079
3397.935791015625,nan,2024-11-04T17:45:58.723080
3397.94384765625,nan,2024-11-04T17:45:58.742080
3397.951904296875,nan,2024-11-04T17:45:58.744079
3397.959716796875,nan,2024-11-04T17:45:58.747081
3397.9677734375,nan,2024-11-04T17:45:58.763078
3397.975830078125,nan,2024-11-04T17:45:58.764079
3397.98388671875,nan,2024-11-04T17:45:58.785087
3397.991943359375,nan,2024-11-04T17:45:58.789513
3397.999755859375,nan,2024-11-04T17:45:58.793511
3398.0078125,nan,2024-11-04T17:45:58.796514
3398.015869140625,nan,2024-11-04T17:45:58.810514
3398.023681640625,nan,2024-11-04T17:45:58.812512
3398.03173828125,nan,2024-11-04T17:45:58.830511
3398.039794921875,nan,2024-11-04T17:45:58.833511
3398.0478515625,nan,2024-11-04T17:45:58.850514
3398.055908203125,nan,2024-11-04T17:45:58.856511
3398.063720703125,nan,2024-11-04T17:45:58.862517
3398.07177734375,nan,2024-11-04T17:45:58.863515
3398.079833984375,nan,2024-11-04T17:45:58.876518
3398.087890625,nan,2024-11-04T17:45:58.877519
3398.095703125,nan,2024-11-04T17:45:58.883520
3398.103759765625,nan,2024-11-04T17:45:58.899038
3398.11181640625,nan,2024-11-04T17:45:58.900038
3398.119873046875,nan,2024-11-04T17:45:58.920036
3398.127685546875,nan,2024-11-04T17:45:58.927038
3398.135986328125,58.7268123626709,2024-11-04T17:45:58.928037
3398.14404296875,58.71117401123047,2024-11-04T17:45:58.940037
3398.15185546875,58.7060661315918,2024-11-04T17:45:58.942039
3398.159912109375,58.717926025390625,2024-11-04T17:45:58.947036
3398.16796875,58.719581604003906,2024-11-04T17:45:58.964036
3398.176025390625,58.71201133728027,2024-11-04T17:45:58.965038
3398.183837890625,58.70549201965332,2024-11-04T17:45:58.976047
3398.19189453125,58.69350624084473,2024-11-04T17:45:58.989557
3398.199951171875,58.68628692626953,2024-11-04T17:45:58.990561
3398.207763671875,58.68915367126465,2024-11-04T17:45:58.995571
3398.2158203125,58.69207000732422,2024-11-04T17:45:59.010559
3398.223876953125,58.691917419433594,2024-11-04T17:45:59.011561
3398.23193359375,nan,2024-11-04T17:45:59.033560
3398.23974609375,nan,2024-11-04T17:45:59.035558
3398.247802734375,nan,2024-11-04T17:45:59.036564
3398.255859375,nan,2024-11-04T17:45:59.049561
3398.263916015625,nan,2024-11-04T17:45:59.054576
3398.271728515625,nan,2024-11-04T17:45:59.060568
3398.27978515625,nan,2024-11-04T17:45:59.068564
3398.287841796875,nan,2024-11-04T17:45:59.081578
3398.2958984375,nan,2024-11-04T17:45:59.083580
3398.3037109375,nan,2024-11-04T17:45:59.093105
3398.311767578125,nan,2024-11-04T17:45:59.110097
3398.31982421875,nan,2024-11-04T17:45:59.111102
3398.327880859375,nan,2024-11-04T17:45:59.127102
3398.335693359375,nan,2024-11-04T17:45:59.129109
3398.34375,nan,2024-11-04T17:45:59.140103
3398.351806640625,nan,2024-11-04T17:45:59.156099
3398.35986328125,nan,2024-11-04T17:45:59.158102
3398.367919921875,nan,2024-11-04T17:45:59.161102
3398.375732421875,nan,2024-11-04T17:45:59.179139
3398.3837890625,nan,2024-11-04T17:45:59.180141
3398.391845703125,nan,2024-11-04T17:45:59.181139
3398.39990234375,nan,2024-11-04T17:45:59.188407
3398.40771484375,nan,2024-11-04T17:45:59.203383
3398.415771484375,nan,2024-11-04T17:45:59.204390
3398.423828125,nan,2024-11-04T17:45:59.221394
3398.431884765625,nan,2024-11-04T17:45:59.233382
3398.439697265625,nan,2024-11-04T17:45:59.234385
3398.44775390625,nan,2024-11-04T17:45:59.235384
3398.455810546875,nan,2024-11-04T17:45:59.248382
3398.4638671875,nan,2024-11-04T17:45:59.251383
3398.4716796875,nan,2024-11-04T17:45:59.271388
3398.479736328125,nan,2024-11-04T17:45:59.274391
3398.48779296875,nan,2024-11-04T17:45:59.285390
3398.495849609375,nan,2024-11-04T17:45:59.299652
3398.50390625,nan,2024-11-04T17:45:59.299652
3398.51171875,nan,2024-11-04T17:45:59.301652
3398.519775390625,nan,2024-11-04T17:45:59.316652
3398.52783203125,nan,2024-11-04T17:45:59.323649
3398.535888671875,nan,2024-11-04T17:45:59.326658
3398.5439453125,nan,2024-11-04T17:45:59.342652
3398.5517578125,nan,2024-11-04T17:45:59.344652
3398.559814453125,nan,2024-11-04T17:45:59.348652
3398.56787109375,nan,2024-11-04T17:45:59.361652
3398.575927734375,nan,2024-11-04T17:45:59.363652
3398.583740234375,nan,2024-11-04T17:45:59.378660
3398.591796875,nan,2024-11-04T17:45:59.389176
3398.599853515625,nan,2024-11-04T17:45:59.392179
3398.60791015625,nan,2024-11-04T17:45:59.396173
3398.61572265625,nan,2024-11-04T17:45:59.413184
3398.623779296875,nan,2024-11-04T17:45:59.415172
3398.6318359375,58.682918548583984,2024-11-04T17:45:59.420175
3398.639892578125,58.68806457519531,2024-11-04T17:45:59.437173
3398.64794921875,58.689353942871094,2024-11-04T17:45:59.440174
3398.656005859375,58.69228744506836,2024-11-04T17:45:59.453172
3398.6640625,58.69047164916992,2024-11-04T17:45:59.457174
3398.671875,58.68743324279785,2024-11-04T17:45:59.469176
3398.679931640625,58.698638916015625,2024-11-04T17:45:59.478185
3398.68798828125,58.70353698730469,2024-11-04T17:45:59.487700
3398.69580078125,58.704118728637695,2024-11-04T17:45:59.489701
3398.703857421875,58.699066162109375,2024-11-04T17:45:59.491704
3398.7119140625,58.6926326751709,2024-11-04T17:45:59.505701
3398.719970703125,58.68878364562988,2024-11-04T17:45:59.508700
3398.727783203125,nan,2024-11-04T17:45:59.528701
3398.73583984375,nan,2024-11-04T17:45:59.530700
3398.743896484375,nan,2024-11-04T17:45:59.531701
